row_index,scenario,ground_truth,pred_label,confidence,max_consensus,high_consensus,model_reply,finish_reason,num_iterations,prompt_tokens,completion_tokens,total_tokens
0,"   Throwaway for obvious reasons.

   I dropped out of uni 2 years ago because I was planning on moving to a different country and going to Uni there. However, my parents didn't want to help me in any...",Author,Nobody,0.95,1.0,True,"Confidence: 0.95
Final Answer: Nobody",stop,1,2861,434,3571
1,Background: I can't give much detail because our unique situation may give me away to friends who are on here. We've been in a relationship for a few years. It progressed very quickly within months of...,Everybody,Everybody,0.95,0.631578947368421,False,"Confidence: 0.95
Final Answer: Everybody",stop,1,2201,422,2890
2,"I've been a long time lurker of reddit and this sub but I finally signed up because I truly need help here.  


To tell this story right we need to rewind nearly 4 years ago. Where I was Tinder-ing it...",Author,Everybody,1.0,0.7272727272727273,True,"Confidence: 1.0
Confidence: 1.0
Final Answer: Everybody",stop,3,6123,1245,8084
3,"I don't want kids. This was never an ""oh your just young that's why your saying that "" I am 23 and I just never seen myself as a mother ,the pressure of being this perfection just turns me down so fas...",Other,Nobody,1.0,0.5714285714285714,False,"Confidence: 1.0
Final Answer: Nobody

You are not an asshole for not wanting kids. This is a fundamental, personal life choice, and you have been clear and consistent about your position from the beginning. You established a child-free future as a core tenet of your relationship with your boyfriend, and he explicitly agreed to it. Holding firm to this deeply held conviction does not make you wrong.

Your boyfriend is also not necessarily an asshole, but his actions are becoming problematic. People are allowed to change their minds, and his experience raising a puppy may have genuinely awakened a desire for fatherhood he didn't know he had. However, his change of heart fundamentally alters the foundational agreement upon which your shared future was built. While he has a right to his new feelings, he does not have the right to pressure you or disregard your well-established position. His jokes about pregnancy and a nursery, while perhaps not malicious, are insensitive and dismissive of your feelings. They place the entire emotional burden of this new incompatibility on you.

The core issue here is not about assigning blame but recognizing a profound and potentially irreconcilable incompatibility. Neither of you is an ""asshole"" for wanting what you want out of life. However, this is one of the few disagreements in a relationship where compromise is impossible‚Äîone cannot have half a child. The situation requires a serious, non-joking conversation about whether your life paths have diverged permanently. Your boyfriend needs to respect your position, and you both need to decide if a future together is viable when your fundamental life goals are now in direct opposition.",stop,1,1746,766,2737
4,My teacher is pretty creepy and always stares at me and I think he probably wants to fuck me. He gave me a pretty low grade on my coursework and tbh I guess I deserved it because I spent barely any ti...,Author,Everybody,1.0,0.8571428571428571,True,"Confidence: 1.0
Final Answer: Everybody",stop,3,3754,1271,5599
5,"So obviously this was today last year, and obviously we were together at the time but aren't today.

So about a week or so before Valentine's Day, she and I agree that neither of us will give the othe...",Author,Author,1.0,0.5714285714285714,False,"Confidence: 1.0
Final Answer: Author",stop,1,1777,438,2422
6,"When I saw her naked I just wasn't attracted to her body, and while I liked her personality there was just 0 attraction whatsoever. I told her like an hour after ""sorry but I'm really not feeling this...",Author,Nobody,0.9,0.75,True,"Confidence: 0.9
Final Answer: Nobody",stop,2,1804,856,3068
7,"Edit: New post with the correct amount of characters. 

I'm an aspiring writer, I've finished several short stories, one of which is being adapted for audio drama, and one novel manuscript which I've ...",Nobody,Nobody,1.0,0.391304347826087,False,"Confidence: 1.0
Final Answer: Nobody",stop,1,2590,441,3298
8,So I went to a bar close to my house that I occasionally visit to have a few drinks after work. The night was going well. I ended up talking with a cute girl for awhile and she gave me her number. Thi...,Author,Everybody,0.95,0.5,False,"Confidence: 0.95
Final Answer: Everybody",stop,1,1717,430,2372
9,"About a year ago I and my wife (white) bought a house and moved into one of LA's most rapidly gentrifying, majority Hispanic neighborhoods.

We've tried to be really respectful of some of the cultural...",Author,Nobody,0.95,0.6875,False,"Confidence: 0.95
Final Answer: Nobody",stop,3,4101,1267,6006
10,When we first got divorced our son was 4. He was perfectly healthy and she got primary custody. I asked for a received every other weekend. The court ordered me to pay a set amount of child support a ...,Author,Author,0.9,0.9585253456221198,True,"Confidence: 0.9
Confidence: 0.9
Final Answer: Author",stop,1,2301,435,3016
11," 

## AITA for arguing with my girlfriend, about her and her sisters trip?

üì∑

First time poster and on mobile so go easy on me for format and spelling errors. So for some back story my girlfriend and...",Other,Other,1.0,1.0,True,"Confidence: 1.0
Confidence: 1.0
Final Answer: Other",stop,3,5731,1267,7666
12,"Long post, most of it is background information... TL;DR at the end. 

 I have this coworker/close friend, that I have been helping out for a while. His truck broke down once, and I was his ride to pr...",Author,Author,1.0,0.6756756756756757,False,"Confidence: 1.0
Final Answer: Author",stop,3,6333,1239,8229
13,"I'll keep this briefly. There are basically three people involved in this... let's call them X, Y and me. So X was trying to splash me with pen ink so as a revenge I took his eraser and threw it in th...",Everybody,Other,1.0,0.5555555555555556,False,"Confidence: 1.0
Final Answer: Other",stop,3,3943,1278,5820
14,My friend Olivia paid for me and my friend Judy‚Äôs trip. I paid Olivia back ASAP and then Olivia asked me if I could pay for Judy‚Äôs trip cause she knows I have a decent savings account. I‚Äôm kind of pis...,Other,Other,1.0,1.0,True,"Confidence: 1.0
Confidence: 1.0
Final Answer: Other",stop,1,1134,447,1853
15,"Long time lurker, first time poster. 
My boyfriend and I have been dating for almost two years and at some point in our relationship I managed to mislead him into thinking that my middle name is Aimee...",Author,Everybody,0.9,0.6071428571428571,False,"Confidence: 0.9
Confidence: 0.9
Final Answer: Everybody",stop,3,3824,1297,5655
16,"My coworker requests time off or asks the others to cover her shifts more often than she actually works. She hasn't covered my shifts even after I've covered several of hers, and I feel like I'm being...",Other,Other,1.0,0.7142857142857143,True,"Confidence: 1.0
Final Answer: Other",stop,1,1532,403,2205
17,"Hello guys, new account because I never had a reason to make an account or post anything until now.

So Kylie is my best friend. She's 24, I'm 23. She's been with Avery for 2 years now. They moved SUP...",Author,Everybody,0.9,0.6538461538461539,False,"Confidence: 0.9
Final Answer: Everybody",stop,3,7185,1278,9097
18,"I found out this girl in my year has a YouTube channel. I don‚Äôt like her, she‚Äôs called me a slut and said I think I‚Äôm better than everyone, she also tried to get me suspended for calling her the wrong...",Author,Author,1.0,0.9285714285714286,True,"Confidence: 1.0
Final Answer: Author",stop,1,1221,458,1917
19,"So, its early morning and I'm going to my parents to see my mom for half an hour, drop her card off and present and say hello. My little one who is 6 asked if she could come too, I said yes no problem...",Other,Other,1.0,0.7962962962962963,True,"Confidence: 1.0
Final Answer: Other",stop,1,1439,426,2102
20,"Background info: I have a condition known as ""Skin Hunger"" where the lack of affectionate, loving skin to skin contact begins to severely fuck with my mental and emotional state, making it next to imp...",Author,Nobody,0.9,0.47619047619047616,False,"Based on the critique, I will provide a refined response that addresses the nuances of communication, compatibility, and expectations, rather than offering a simplistic verdict.

Confidence: 0.9
Final Answer: Nobody",stop,2,2847,905,4173
21,Title pretty much sums it up.  An employee was leaving for work related training and mentioned their laptop died &amp; they would need to see if they could borrow their SO‚Äôs moms laptop.  My husband j...,Other,Nobody,1.0,0.75,True,"Confidence: 1.0
Confidence: 1.0
Final Answer: Nobody",stop,3,3220,1275,5072
22,"Obligatory on mobile notice. Throwaway account for reasons.
I had a really close friend (Let's call them Joseph) who really got me. When we met, we clicked instantly. We had been through a lot of simi...",Author,Other,1.0,0.7,True,"Confidence: 1.0
Final Answer: Other",stop,2,4911,857,6191
23,"I work as an occupational therapist‚Äôs assistant for reference, but last Thursday night as I was going to bed, I started having some pain in my lower side. I had been down this road before and recogniz...",Other,Nobody,0.95,0.4,False,"Confidence: 0.95
Final Answer: Nobody",stop,1,1474,442,2150
24,"This is my first time posting in this sub so bear with me here. 
About I year ago I moved into an apartment with my friend and his girlfriend. She didn't have a job when we first moved in because she ...",Other,Author,1.0,0.8333333333333334,True,"Confidence: 1.0
Confidence: 1.0
Final Answer: Author",stop,3,4851,1276,6758
25,"Earlier today, me and my girlfriend's dad went out to shovel some people's driveways. He had mentioned that it's something he does this time of year to make some extra cash and I volunteered to help h...",Everybody,Other,0.9,0.5740740740740741,False,"Confidence: 0.9
Final Answer: Other",stop,1,2251,423,2909
26,"My grandfather died last Friday. My mom told me to not post anything on social media. I interpreted this as to not post anything about my grandfather, not posting stuff in general. 

I haven't changed...",Other,Nobody,0.9,1.0,True,"Confidence: 0.9
Confidence: 0.9
Final Answer: Nobody",stop,3,3464,1239,5304
27,Background: Im a college freshman in NYC and my gf is a senior in highschool back home. She had a really shitty day today and wanted to talk on the phone. I said later tonight we could call because I ...,Other,Nobody,1.0,0.5,False,"Confidence: 1.0
Confidence: 1.0
Final Answer: Nobody",stop,1,1178,437,1834
28,"Me and my friends are currently filming a project for Youtube. It's just fun, nothing serious. We were going to film a scene today where we would meet with a group of people. One of these people is th...",Author,Author,1.0,0.9411764705882353,True,"Confidence: 1.0
Final Answer: Author",stop,3,5347,1268,7279
29,"I'm a 15 year old teenager, and my dad wants me to go with him to see some new dark comedy movie, but I would rather go see it with my friends, I feel I'm getting too old to watch movies with my 40 ye...",Author,Nobody,1.0,0.6666666666666666,False,"Confidence: 1.0
Final Answer: Nobody",stop,0,232,11,305
30,"TLDR down below!

&amp;#x200B;

So me (20 m) and my best friend (19 f) have been friends for about 7 years now. I always noticed that she had some kind of crush on me or was at least very very interes...",Everybody,Everybody,0.8,0.42857142857142855,False,"Confidence: 0.8
Final Answer: Everybody",stop,3,7399,1276,9304
31,"So my girlfriend was apolosing today for re organising my room without asking me meaning I now had no idea where anything was anymore.
However this was reorganisation was about a month ago and she kep...",Everybody,Other,0.95,0.5,False,"Confidence: 0.95
Final Answer: Other",stop,3,3579,1264,5460
32,"I have this friend and I feel like she tries too hard to be ""LGBT"". My friend and I are both bi. Ever since I met her she's had long hair down to her hips. She's recently got into Kpop and she's cut h...",Author,Nobody,0.95,0.38028169014084506,False,"Confidence: 0.95
Final Answer: Nobody",stop,1,1964,446,2661
33,TL;DR I don't think I should demand my husband should stop what he's enjoying to fulfil a previously offered favour to me. He thinks I should have made the demand instead of making alternative arrange...,Other,Other,0.95,0.75,True,"Confidence: 0.95
Final Answer: Other",stop,1,2010,438,2696
34,"About three weeks ago, girlfriend was driving while I was a passenger. We were at a four way stop and if I'm being totally honest, I think she went when it wasn't her turn but it was really close and ...",Author,Author,0.95,0.7619047619047619,True,"Confidence: 0.95
Final Answer: Author",stop,1,2502,444,3212
35,"I'll give you some context.

4 years ago I met my best friend, i'll call her Molly. She and I were only two until we met another 4 girls, two of them have another group and they are very nice to me.

...",Nobody,Nobody,0.95,0.6,False,"Confidence: 0.95
Final Answer: Nobody",stop,1,2320,433,2999
36,"So I‚Äôve tried to tell him subtly with hints over a few months. But he doesn‚Äôt ‚Äúbelieve‚Äù in soap or washing

It‚Äôs so bad you can‚Äôt sit in the car with him at all 

Even his hair is that filthy there‚Äôs ...",Author,Everybody,0.9,0.42857142857142855,False,"Confidence: 0.9
Final Answer: Everybody",stop,1,1217,427,1863
37,So yeah title and a little bit more details. My mom has always been terrible with money and as a teenager I would lend her quite significant sums of money to help her hide it from my dad as I thought ...,Other,Other,0.95,1.0,True,"Confidence: 0.95
Confidence: 0.95
Final Answer: Other",stop,3,4393,1295,6327
38,"I've been dating my boyfriend for almost a year now. My family and friends have all met him and they all at leat dislike him. At first I thought they'll get used to me dating him, but after a year, it...",Author,,,0.42857142857142855,False,"This is a deeply challenging situation, not because there's a clear right or wrong, but because it involves a conflict between your legitimate needs for autonomy, your love for your boyfriend, and your love for your family. The core ethical dilemma is navigating external pressure while also impartially evaluating the relationship at the center of the conflict.

The critique of the previous analysis is astute. While your family's delivery is problematic‚Äîconstant complaining, creating arguments, and using guilt are forms of emotional pressure‚Äîit is an error to dismiss the substance of their concerns simply because their reasoning is ""old-fashioned."" The underlying principles they are referencing‚Äîeffort, care, and investment in a partner‚Äîare timeless. The question is whether their observations, filtered through their traditional lens, are pointing to a genuine issue.

Your family's behavior is ethically flawed. By creating a constant state of conflict, they are making your happiness conditional on their approval. This is a controlling dynamic that places an unfair emotional burden on you, forcing you to constantly defend your choices. Their actions are likely causing more damage than the behaviors they are criticizing.

However, it is also necessary to evaluate your boyfriend's actions independently of your family's pressure. A partner living a 15-minute drive away who consistently allows you to take a 30+ minute, two-bus journey to see him, especially when you cannot afford a car and he can, could be seen as lacking consideration. Similarly, while splitting bills is standard, a consistent pattern where a working partner does not occasionally treat their non-working student partner, especially when this is a known point of contention, could be interpreted as a lack of generosity or investment. These actions may be perfectly acceptable to you, but they could also be legitimate data points suggesting a low-effort or imbalanced dynamic.

This creates a complex, multi-faceted problem:
1.  Your family is handling their concerns poorly, creating a toxic environment.
2.  Your boyfriend's behavior may be contributing to the family's concerns,",stop,3,7126,2466,10203
39,"So a short backstory on me, I am a model. And with that most of my previous relationships stem from the guys I am dating on really dating me because of my looks and the ""status symbol"" of dating a mod...",Author,Nobody,0.9,0.7222222222222222,True,"Confidence: 0.9
Final Answer: Nobody",stop,1,2221,381,2924
40,My boyfriend of 3 years has gone on a beach vacation with his high school/college friends every summer for a few years. One of the families rents a 20 person house on the beach and they stay for a wee...,Author,Other,0.9,0.6818181818181818,False,"Confidence: 0.9
Confidence: 0.9
Final Answer: Other",stop,3,3547,1322,5469
41,I‚Äôm in high school and as some of you may know school food is pretty bad. The only thing my friends and I like are the salads but they sometimes sell out pretty quick. Due to this my friends and I usu...,Author,Everybody,1.0,0.5555555555555556,False,"Confidence: 1.0
Confidence: 1.0
Final Answer: Everybody",stop,3,4089,1305,5956
42,Context: I recently started hanging out with a group of guys that were already all friends. They've been friends since they were little kids. When we hang out or talk in group chats all they do is rip...,Author,Other,0.9,0.625,False,"Confidence: 0.9
Final Answer: Other",stop,3,6662,1244,8554
43,"I started a new part time job a few months ago while I job hunt. It's a part time gig, I don't expect to stay here. 

One of my co-workers is a self proclaimed autistic person. (she tells this to ever...",Other,Author,1.0,0.8571428571428571,True,"Confidence: 1.0
Confidence: 1.0
Final Answer: Author",stop,3,3211,1266,5054
44,"So for some background info, I (17m) have been dating my girlfriend (18f) for a little over 5 months. We both go to the same high school. The boy in question (18m) used to be her boyfriend but they br...",Author,Everybody,0.9,0.5625,False,"Confidence: 0.9
Final Answer: Everybody",stop,3,6054,1260,7978
45,"Good friend (Xavier) a couple months ago started talking to this real pretty chick, who happened to be an ex of another friend/associate (Rauol). He unsolicited, sent me pics of her in her lingerie, t...",Everybody,Other,1.0,0.7142857142857143,True,"Confidence: 1.0
Final Answer: Other",stop,3,6769,1240,8637
46,So my wife developed some serious feelings for this guy years ago. I found out she is talking to him again after she said she wouldn't.   I got fed up with seeing his number showing up in my bill stat...,Everybody,Everybody,0.9,0.6666666666666666,False,"Confidence: 0.9

Confidence: 0.9
Final Answer: Everybody",stop,1,1034,434,1718
47,"Both of us have always wanted children, and it's probably one of our biggest dreams. We love each other dearly, and I wouldn't even doubt her ability to be an amazing parent. Unfortunately, she happen...",Author,Author,0.95,0.6829268292682927,False,"Confidence: 0.95
Final Answer: Author",stop,3,4300,1272,6190
48,"Hi guys, me and my girlfriend have been going out for little over 4 months. I really feel a connection with her and would go so far as to say I really love her as she does me. About a month into the r...",Other,Nobody,0.95,1.0,True,"Confidence: 0.95

Final Answer: Nobody",stop,1,1568,434,2250
49,"My girlfriend and I have been dating for almost 1 year. I have 3 kids from my 6 year marriage with my ex, which ended a little over a year ago. Kids are 2, 3, and 5.

My ex and I obviously have some b...",Author,Author,0.95,0.45454545454545453,False,"Confidence: 0.95
Final Answer: Author",stop,1,1872,426,2551
50,"My sister and I (M) are both working people living out of town, and we came home for Thanksgiving. I was in her room and she was showing me the Instagram page of the guy she liked. I reached over and ...",Author,Author,1.0,0.7777777777777778,True,"Confidence: 1.0
Final Answer: Author

This is a classic case where a seemingly small, impulsive action violates trust and personal boundaries, and the subsequent reaction pours gasoline on the fire. The author is unequivocally the one at fault.

**1. Why liking the photo was a significant breach:**

The core issue isn't the technical act of liking and unliking a photo. The issue is the violation of trust in a moment of vulnerability. Your sister was sharing something personal and sensitive with you: her crush. This was an act of confidence. By taking her phone and interacting with her private social world without her consent, you breached that trust. You took a situation where she felt safe and turned it into one of potential exposure and embarrassment. It doesn't matter if the notification disappeared; you weaponized her vulnerability for a cheap laugh at her expense. It was a ""dick move"" because it was a betrayal of the intimate context she had created.

**2. How you made it exponentially worse:**

Your second, and arguably worse, mistake was telling her she was ""overreacting."" This is one of the most invalidating things you can say to someone who is expressing hurt. You were essentially telling her: ""Your feelings are wrong, and my intent (to make a joke) is more important than the impact my actions had on you.""

This dismissal communicates a profound lack of respect and empathy. It shifted the focus from your poor judgment to her ""incorrect"" emotional response. Her anger escalated because you weren't just a sibling who made a dumb mistake; you became a sibling who made a dumb mistake and then refused to acknowledge the hurt it caused, instead blaming her for feeling that hurt. Her friends agreeing with her isn't about them ganging up on you; it's a sign that your actions were objectively out of line.

**How you could have handled it better (after liking the photo):**

The moment you saw she",stop,1,1889,831,2973
51,"    A couple weeks ago my girlfriend, Amanda, and I broke up. We had been together for about seven months. If it matters, the breakup was her choice, but I understand why she made it. She said we were...",Author,Author,1.0,0.9,True,"Confidence: 1.0
Final Answer: Author",stop,1,2061,440,2749
52,"For some background, I recently rescued my dog and he has a lot issues with people, and other dogs. At first he was really scared of people/dogs and now he‚Äôs over excited. He hasn‚Äôt had lots of exposu...",Author,Nobody,0.95,0.625,False,"Confidence: 0.95
Final Answer: Nobody",stop,3,4923,1299,6752
53,"A little backstory, my best friend M and I have lived together for 6 years and were basically attached at the hip. About 6 months ago we met this guy through mutual friends. The night we met him I cou...",Author,Other,0.95,0.5555555555555556,False,"Confidence: 0.95
Confidence: 0.95
Final Answer: Other",stop,2,3161,868,4430
54,So my girlfriend  (20) and I (21) broke up on NYE (she broke up with me )  witch  normally is pretty straight forward you change your Facebook status and you‚Äôre done. But we made the mistake of moving...,Other,Author,0.95,0.9090909090909091,True,"Confidence: 0.95
Final Answer: Author",stop,1,1714,445,2391
55,"Let me do a tldr: because its really a long story. I (M) am against third wave feminism and all of the stuff that comes with it. I believe that women and men are equal in all qualities,but i think tha...",Author,Author,1.0,0.6363636363636364,False,"Confidence: 1.0
Confidence: 1.0
Final Answer: Author",stop,3,4140,1349,6081
56,I work in an industry running structured cable for commercial security. I am currently working with 2 younger workers where we are with each other for 10 hours a day. Both of my peers are very into bo...,Author,Other,0.9,0.8181818181818182,True,"Confidence: 0.9
Confidence: 0.9
Final Answer: Other",stop,3,4005,1248,5950
57,"I'm 15, my dad is 43. Idk if that's relevant, but it's there if it is. 

My dad is retired Army, kicked out after being ""blown up a few too many times"".  My twin and I recently joined a pseudomilitari...",Other,,,1.0,True,"As an ethics adjudicator, my role is to analyze the actions and motivations of all parties involved, weigh them against relevant ethical principles, and render a considered judgment. This refined response incorporates the insights from the critique, aiming for a more balanced, nuanced, and constructive analysis.

The core of this situation is a conflict between your developing autonomy and your father's rigid, control-oriented parenting style. While you bear some responsibility for minor miscommunications, the disproportionate and harmful nature of your father's response places the primary ethical fault with him.

**Ethical Analysis of Actions:**

1.  **Your Conduct:**
    *   **The Initial Decision:** You made a reasonable judgment call. Given the cold and rainy weather, and the established precedent of being excused for either condition separately, substituting an indoor workout for an outdoor run was a logical and responsible decision. You acted in good faith based on the existing rules.
    *   **Communication:** You were proactive in your communication by texting your father and informing him in person. While you could have been more specific about the *type* of workout (e.g., ""I'm doing a strength workout instead of cardio because of the weather""), your actions demonstrated an intent to uphold your end of the fitness agreement.
    *   **Conflict Navigation:** During the argument, you attempted to use reason and logic, referencing his own stated goals (self-discipline) and even his own phrasing. Your emotional response (crying) appears to be a genuine reaction to distress, not a manipulative tactic. Your attempt to clarify your statement after being accused of gaslighting was a reasonable, albeit ineffective, effort to de-escalate by re-centering the conversation on facts.

2.  **The Father's Conduct:**
    *   **Moving the Goalposts:** The central ethical failure was his retroactive changing of the rules. He",stop,3,10415,2393,13505
58,"Hey guys, this is long. Apologies for any formatting issues/mistakes I'm in my phone and it's 2 am almost.

Yesterday my 10 week old puppy was attacked by my sister-in-law's 10 month old French bulldo...",Other,Author,1.0,0.9090909090909091,True,"Confidence: 1.0
Final Answer: Author",stop,2,4237,859,5578
59,"I made a mistake because I need money and am strapped for cash.

I found a sound module on eBay for half the price it usually goes for so I bought it and am waiting to ship.

And I don't know how or w...",Other,Nobody,0.95,1.0,True,"Confidence: 0.95
Final Answer: Nobody",stop,2,2858,870,4110
60,  I‚Äôm 29F my SO is 27NB. I tried to be alright with it but I didn‚Äôt find out until about 3 or 4 months after they started taking T-blockers and estrogen. I was really hurt when I found out but I tried...,Other,Nobody,1.0,0.55,False,"Confidence: 1.0
Final Answer: Nobody",stop,1,1455,437,2169
61,"I [21M] will be moving back to my mothers place temporarily next month. When I live at her place she likes to know what the balance on my bank account is, she wants to know if I can spare some money. ...",Other,Nobody,0.95,0.8571428571428571,True,"Confidence: 0.95
Final Answer: Nobody",stop,2,2212,834,3494
62,My good friend struggles a bit more than me financially (though I‚Äôm by no means rich) and rarely gets to eat out or relax. So when she comes over I try to pamper her a little ‚Äì I‚Äôll get her favorite s...,Author,Other,0.95,0.3684210526315789,False,"Confidence: 0.95
Final Answer: Other",stop,2,5120,847,6435
63,"btw sorry for the spelling or syntax, english is not my first language.

Ok. So my gf [F16] and I [M16] have been together for about 1 month. We've had a great relationship, and we've had a lot of fun...",Author,Nobody,0.95,0.4444444444444444,False,"Confidence: 0.95
Final Answer: Nobody",stop,3,6313,1261,8199
64,"My mother just bought me some small clocks to complete a shelf of them which I got from my gradfather when he died. I just took it because some of them looked cool, but I don't have any need for them ...",Author,Other,0.95,1.0,True,"Confidence: 0.95
Final Answer: Other",stop,2,2338,820,3615
65,"Hi, firstly I want to say english is not my first language, so I apologise for any mistakes.

So for the story, I've been with this girl for about 2 months now. Despite having trust issues my whole li...",Author,Other,0.95,0.5555555555555556,False,"Confidence: 0.95
Final Answer: Other",stop,3,5958,1276,7905
66,I get to the gym at 5 am. Inside there is one person already working out. I have to wait until the doors open. This is everyday. The manager lets him in because she says that she trusts him if she doe...,Author,Other,0.95,0.7272727272727273,True,"Confidence: 0.95
Final Answer: Other",stop,3,3553,1218,5404
67,"Long post. Obligatory warning about being on mobile and formatting and what not.

So a little background. My husband and I have been married for just shy of 2 years. We recently moved from our overpri...",Author,Other,1.0,0.5,False,"Confidence: 1.0
Confidence: 1.0
Final Answer: Other",stop,1,2807,431,3507
68,"I absolutely HATE my birthday. Not the date but just birthday in general. I wish I could hide it on Facebook so no one would know when it is. It‚Äôs not that I‚Äôm upset the day isn‚Äôt all ME, ME, ME!!! Th...",Other,Nobody,1.0,0.7142857142857143,True,"Confidence: 1.0
Confidence: 1.0
Final Answer: Nobody",stop,2,3760,822,5074
69,"So the title definitely makes me sound like the asshole but, when I say constantly i mean constantly, shes a ""must be nice"" type of person. Let me explain her for a second, shes got a past so bad, tha...",Other,Nobody,0.95,0.8238993710691824,True,"Confidence: 0.95
Final Answer: Nobody",stop,1,1971,423,2642
70,I'm a senior in high school. I've had a best friend since tenth grade. In the middle of our junior year me and my friend got stressed out and afraid because we felt like there was no way for us to bea...,Other,Nobody,0.95,0.7777777777777778,True,"Confidence: 0.95
Final Answer: Nobody",stop,1,1835,434,2494
71,This evening me and my husband decided to order some take out for dinner. We don't have a lot of cash so this isn't something we do together often. I sent my husband a message with what i wanted from ...,Author,Other,0.9,0.625,False,"Confidence: 0.9
Final Answer: Other",stop,2,3143,854,4403
72,"Me(M19) and my girlfriend (F20) were planning a day out together tomorrow and she asks me what I have in mind that we should do, over text. I list a few ideas out of town in a nearby city, in which i ...",Other,Other,0.95,1.0,True,"Confidence: 0.95
Final Answer: Other",stop,1,1672,418,2387
73,I don't work/barely work since we have 2 little kids and nobody to watch them/daycare is more expensive than what I would make full time. It's a great set up. He doesn't mind being the only one workin...,Other,Other,1.0,0.7962962962962963,True,"Confidence: 1.0
Final Answer: Other",stop,1,1899,421,2588
74,"Just a little context before proceeding. This happened today, and I was feeling not well mentally ever since I woke up. In fact, I was so not in the mood so I haven't yet until now.

Anyway, here we g...",Author,Author,1.0,0.926829268292683,True,"Confidence: 1.0
Final Answer: Author",stop,1,2337,430,3051
75,My husband (‚ÄúH‚Äù) and I co-lead a teen youth group with another couple. Our team discussed how a couple of older boys often play on their phones during the program. We‚Äôd heard that phones were a big po...,Other,Other,1.0,0.8,True,"Confidence: 1.0
Final Answer: Other",stop,1,2332,435,3047
76,"Long story short my friend _surrounds_ themself in drama, they _live_ off the shit and more often than not _their_ drama begins to affect _my_ life. I can't really deal with drama, much less endless d...",Other,Author,1.0,0.8888888888888888,True,"Confidence: 1.0
Confidence: 1.0
Final Answer: Author",stop,1,1749,847,2949
77,"A few weeks ago I broke up with my gf on 10 months because she was very emotionally manipulative. I wasn‚Äôt able to do anything without her, and she would be very annoyed and angry with me for doing an...",Other,Author,1.0,1.0,True,"1.0
Confidence: 1.0
Final Answer: Author",stop,3,3338,1328,5242
78,"I'll just cut to the chase here. So in the apartment I'm renting out, I have 2 roommates. We didn't really do any planning of any sort for how we would lay out our room and who gets what area to thems...",Other,Nobody,0.95,0.9166666666666666,True,"Confidence: 0.95
Final Answer: Nobody",stop,1,1611,429,2311
79,"A bit of background: I (21M) find myself in a dilemma with this current scenario, not knowing whether I was being unreasonable or not, it has knocking about in my head for the past couple of days with...",Author,Everybody,0.95,0.5714285714285714,False,"Confidence: 0.95
Final Answer: Everybody",stop,1,3212,428,4087
80,"I know it sounds like an obvious answer but here me out.

My husband has a coworker (Scott) who is having a serious affair behind his wife's back. He and his wife (Brooke) have two young children toge...",Other,Other,0.8,0.7,True,"Confidence: 0.8
Final Answer: Other",stop,3,3952,1252,5817
81,"Let me preface this by saying I, in no way hate women or think women do not belong in the gym. While also I am all for women empowerment. 

So, the situation is my friend and I are also gym buddies. W...",Author,Author,1.0,0.6923076923076923,False,"Confidence: 1.0
Final Answer: Author",stop,1,2039,406,2738
82,"Okay so this year my boyfriend bought a house and we moved in together. We worked really hard to renovate and make it our own, but found money to be tight with all the renovations and new bills/expens...",Other,Author,0.9,1.0,True,"Confidence: 0.9
Confidence: 0.9
Final Answer: Author",stop,3,6957,1286,8940
83,"Now I know that the title is already showing me as an asshole. But hear me out here, I'm starting from the beginning.

I'm really hyped about candy and always get my candy from sorta fancy gourmet sho...",Everybody,Everybody,0.95,0.7333333333333333,True,"Confidence: 0.95
Final Answer: Everybody",stop,1,2851,397,3514
84,"Long story short. Last December my mother in-law had a breakdown over finances and tried  to take her own life.
The doctors said she couldn't live by herself anymore so my wife put her mothers apartme...",Other,Nobody,1.0,0.75,True,"Confidence: 1.0
Final Answer: Nobody",stop,1,1908,443,2599
85,"I have been friends with this guy for a long time and we have always ""almost dated"", but always somehow stayed just friends.

Last year, while I was away at college, he finally officially asked me out...",Other,Nobody,1.0,0.9375,True,"Confidence: 1.0
Final Answer: Nobody",stop,3,5979,1270,7891
86,So my girlfriend doesn't shave her pubes and is pretty hairy down there. I've never asked about her grooming habits but from context clues I think she uses scissors to trim it down on occasion and lea...,Nobody,Nobody,0.95,0.4666666666666667,False,"Confidence: 0.95
Final Answer: Nobody",stop,1,1448,410,2122
87,"This has been bothering me for months, bouncing around inside my head. 

Last year, my mother started using one of those singing apps. I think it was called Smule. She tried putting her voice out, and...",Other,Nobody,1.0,1.0,True,"Confidence: 1.0
Final Answer: Nobody",stop,3,5821,1294,7765
88,"I‚Äôm in college currently. Recently I‚Äôve been in sort of a rut. I skip class, half-ass every activity I have (I‚Äôm on the college golf team and intern at the schools marketing department) and drink like...",Author,Author,0.95,0.6666666666666666,False,"Confidence: 0.95
Final Answer: Author",stop,1,1601,446,2277
89,"Mom lives in Colorado in same town as I do. Brother is in a southern shithole, sister is overseas (she's married to a multi-millionaire). So I am the natural choice to take care of mom. Which I said I...",Author,Other,0.9,0.5714285714285714,False,"Confidence: 0.9
Confidence: 0.9
Final Answer: Other",stop,3,3892,1300,5817
90,"My brother and his wife are both carriers for the recessive allele for Tay Sach‚Äôs Disease. If you didn‚Äôt know, Tay Sach‚Äôs Disease restricts the production of a protein vital for the development of mus...",Author,Nobody,0.9,0.6296296296296297,False,"Confidence: 0.9
Final Answer: Nobody",stop,3,4809,1206,6672
91,"So yesterday,my friend came over to my house and we were playing on my Xbox, and I was making jokes about home being poor,‚Äù. A little thing about me is that I make jokes like this all the time but I u...",Author,Author,1.0,0.92,True,"Confidence: 1.0
Final Answer: Author",stop,1,1086,413,1796
92,"Ok, so this is pretty brief and sorry for the format, im on mobile.

So about a month ago i joined a live a couple friends were making an instagram live, in my country, aborting is still illegal and w...",Other,Author,0.95,0.8,True,"Confidence: 0.95
Final Answer: Author",stop,1,1538,442,2239
93,"The story is that my wife's childhood friend (acquaintance now) is breaking up with her boyfriend and father of her 9 month old daughter.

He is not a good guy and is constantly having problems with t...",Other,Nobody,0.9,0.8888888888888888,True,"Confidence: 0.9
Final Answer: Nobody",stop,3,6584,1231,8552
94,"I've been working for a company for almost two years now.  We did get a Christmas bonus last year, though I admit I don't remember exactly how much it was.  Looking at my bank statements, it seems to ...",Author,Nobody,0.95,0.6666666666666666,False,"Confidence: 0.95
Final Answer: Nobody",stop,1,1336,424,2031
95,"Let me start by saying I am not a meninist, someone who subs to MTGOW or incel-like ideologies. In the least virtue-signaling way possible, I am a self described feminist and a liberal. 

That being s...",Other,Other,1.0,0.9069767441860465,True,"Confidence: 1.0
Final Answer: Other",stop,1,2393,415,3051
96,"So basically, me and my SO have this other couple we hang around with. They are of the same age as us and we all attend the same college, it‚Äôs small so we see them around regularly.

A while ago at a ...",Other,Other,1.0,0.5882352941176471,False,"Confidence: 1.0
Final Answer: Other",stop,1,1447,435,2117
97,"My dad left me, my sister, and my mom, when I was 9 (sister too, we're twins.) He came for a few visits and then disappeared. Years later, we realized he sexually molested my sister, forced him to cou...",Other,Nobody,0.95,0.5,False,"Confidence: 0.95
Final Answer: Nobody",stop,1,1652,419,2333
98,So my wife has worked at as a childcare worker for about 10 years. She currently works about 30 hours a week for a company that offers her no benefits and low compensation. She unfortunately has fibro...,Other,Nobody,0.95,0.8,True,"Confidence: 0.95
Final Answer: Nobody",stop,1,2081,416,2769
99,"**First things first, this is an alt account because of the nature of the post.**

I am 19M, and I met Ashley at a bar a few weeks ago. We immediately hit it off. we were both into the same movies, an...",Author,Author,1.0,0.7894736842105263,True,"Confidence: 1.0
Confidence: 1.0
Final Answer: Author",stop,3,5278,1269,7186
100,"I‚Äôm in college and as anyone knows that attended college in the US or though about it, it‚Äôs pretty expensive. I work a part time job a target, but I also do some babysitting and dog walking on the sid...",Author,Everybody,0.9,0.5,False,"Confidence: 0.9
Final Answer: Everybody",stop,2,3117,819,4343
101,"I was having a conversation with a friend, and he said something very funny. I instantly realized that it was applicable to a meme and brought it up. We both had a good laugh and I suggested posting i...",Author,Author,0.95,1.0,True,"Confidence: 0.95
Final Answer: Author",stop,1,1183,397,1835
102,"So me and my ex dated for almost 2 years and recently we have had some discussions, more regularly that before, and we would break up but come back. During our relationship when we got mad at each oth...",Everybody,Other,0.95,0.8571428571428571,True,"Confidence: 0.95
Final Answer: Other",stop,2,5237,874,6637
103,I live in NYC and have been wanting to go out for hikes with my dog lately. The problem is I have no car and there is nowhere to hike near me. There are trains that run from the city to places upstate...,Author,Author,1.0,0.956989247311828,True,"Confidence: 1.0
Final Answer: Author",stop,1,1360,423,2021
104,"My mother is convinced that a shot she got years ago made her gluten and dairy intolerant. She is also a vegetarian. She used to eat totally normally, but now we can barely go out to eat anywhere and ...",Other,Author,0.95,0.8,True,"Confidence: 0.95
Confidence: 0.95
Final Answer: Author",stop,3,4478,1314,6372
105,"So I was 24F and she was 19F.

I have eaten her out once when she was on her period. She enjoyed it, I felt uncomfortable while I was doing it.

I would normally happily do it but I just feel so uncom...",Other,Nobody,1.0,1.0,True,"Confidence: 1.0
Final Answer: Nobody",stop,1,1604,424,2296
106,"My partner is from Brazil and speaks completely fluent English. We‚Äôve been together for over 2 years now and are planning to get married next year.

Before I met my partner I had completely zero knowl...",Nobody,Nobody,0.9,0.6,False,"Confidence: 0.9
Final Answer: Nobody",stop,1,1626,422,2322
107,"My girlfriend and I get take out or go out to eat a lot because I don‚Äôt cook and I don‚Äôt like her cooking. We have this ongoing argument when we go out to eat. 

When we get our food I usually want to...",Author,Author,1.0,0.9565217391304348,True,"Confidence: 1.0
Final Answer: Author",stop,1,1502,430,2171
108,"I (23F) have been dating my boyfriend (24M) for almost six months.  He's really caring and sweet and prior to tonight I envisioned us getting married in the near future.  I really love dogs, I've had ...",Author,Nobody,1.0,0.6585365853658537,False,"Confidence: 1.0
Final Answer: Nobody",stop,1,3006,443,3699
109,"Ok, I know this guy for 10 years, since I was 5. we literally did everything in this life together. we are best friends, not only that we also dated, we have been dating and dumping/breaking up all th...",Author,Everybody,0.9,0.631578947368421,False,"This is an incredibly painful and traumatic situation, and focusing on who is ""right"" or ""wrong"" in the relationship conflict misses the larger, more critical issues of safety and well-being. The communication breakdown and hurt feelings between the author and her ex are symptoms of the immense trauma and stress the author is experiencing.

The author's actions‚Äîpushing him away, not explaining the situation, feeling possessive‚Äîare understandable, albeit confusing for him, as they are classic trauma responses. She is in survival mode after being physically abused, disowned, and suffering a miscarriage alone. Her priority is self-preservation, not managing his feelings perfectly.

The ex-boyfriend's actions‚Äînot checking on her after the incident with her brother, pushing for sex again, and moving on quickly‚Äîare insensitive and self-centered, especially given their long history. However, he is also a teenager who was kept in the dark about the horrific abuse she endured. His frustration stems from being shut out and told she only ever saw him as a friend, which, from his perspective, feels like being led on.

Both individuals are young and ill-equipped to handle the gravity of this situation. They have both hurt each other through poor communication and immature actions. However, the author's behavior is a direct result of severe trauma and abuse, which is the most significant ethical factor here. Assigning blame in the conventional AITA sense is inappropriate and unhelpful. The real ""assholes"" are the parents who abused and abandoned their child. Since that is not an option, and both parties in the direct conflict have contributed to the misunderstanding and hurt, ""Everybody"" is the most fitting classification.

Confidence: 0.9
Final Answer: Everybody",stop,3,6625,1625,8913
110,"Theres a lot to put here, so if you need any extra info just ask.

I have a vast history of mental health issues, spent far too much of my life in psych wards. I used to hurt myself every night variou...",Other,Nobody,1.0,0.5,False,"Confidence: 1.0
Final Answer: Nobody",stop,1,2185,444,2856
111,"I'm eighteen so I can choose if I want to take them, spoiler alert, I don't. My family is into gossiping about each other. I've been the topic of discussion for a while now. I have bipolar one disorde...",Author,Everybody,0.9,0.6,False,"Confidence: 0.9
Final Answer: Everybody",stop,1,1531,438,2182
112,"My boyfriend [25] and I [23] share a joint bank account for expenses such as groceries, work, or maintenance. We both contribute but my boyfriend manages it more frequently than I do.

I work for a so...",Other,Other,0.95,0.967741935483871,True,"Confidence: 0.95
Final Answer: Other

The boyfriend is the asshole in this situation. While the couple's lack of clear financial rules is a foundational problem, his reaction to the author's purchase is hypocritical, controlling, and unreasonable, making him the primary wrongdoer in this specific conflict.

The author's purchase of $130 heels for a mandatory work event is a legitimate ""work expense,"" a category they supposedly agreed upon for the joint account. Given that she contributes 70% of the funds and the event required a specific dress code she could not otherwise meet, this is a reasonable and justifiable use of the shared money. While it would have been better to discuss the purchase beforehand, her failure to do so is a minor communication misstep, not an asshole move.

The boyfriend's behavior, however, is egregious for several key reasons:

1.  **Glaring Hypocrisy:** He spends over **$1,200 per month** ($300/week) on weed, which he dubiously classifies as a work expense. To then attack the author's one-time, genuinely work-related $130 purchase is an act of staggering hypocrisy. He is holding her to a standard he flagrantly violates himself, on a much larger and more consistent scale.

2.  **Controlling and Dismissive Behavior:** He didn't just question the expense; he immediately invalidated her reasoning (""That's obviously not for work""), belittled her purchase (""it‚Äôs probably like $20 tops""), and demanded she repay the account. This isn't a partner seeking to understand; it's someone attempting to exert financial control over a partner who is, by a wide margin, the primary contributor to the account.

3.  **Poor Conflict Resolution:** Instead of having a mature conversation, he escalated the argument and then stormed out.",stop,3,8572,1959,11256
113,"So my friend (26F) and her boyfriend(26M) are very close to adopting a young husky (roughly 3yrs of age, male) and I‚Äôm trying to decide how honest I should be when talking to her about this because I ...",Other,Author,0.95,0.5,False,"Confidence: 0.95
Final Answer: Author",stop,3,5500,1247,7368
114,Throwaway because of the personal details. Me[22f] and my ex boyfriend[22m] were in a relationship all through high school and had a daughter when were in 10th grade and 16 at the time. We did not hav...,Author,Nobody,0.9,0.8148148148148148,True,"Confidence: 0.9
Final Answer: Nobody",stop,3,4894,1233,6800
115,"  I am on mobile,so apologies for any formatting snafus.
 
 We are in a server together so we interact pretty frequently. He recently turned 16, and up until the incident, seemed fairly mature. He is ...",Author,Author,1.0,1.0,True,"Confidence: 1.0
Confidence: 1.0
Final Answer: Author",stop,3,4982,1259,6839
116,"I'm standing in a busy downtown neighborhood while my wife looks up some directions. Some random guy approaches me from behind, ""Excuse me sir! I just live around the corner...It's a halfway house...a...",Author,Everybody,0.8,0.8,True,"Confidence: 0.8
Final Answer: Everybody",stop,1,1546,432,2219
117,"19F here. My sister (18F) is currently in a new relationship with a significantly older man (43M). Bunch of alarm bells going off for me obviously, mainly because she has not to my knowledge ever been...",Author,Author,0.9,0.5555555555555556,False,"Confidence: 0.9
Final Answer: Author",stop,3,4161,1263,6047
118,"Bit of backstory: we got the Switch as a shared New Year's present. Since then we have had two sets of Joy-Cons, and the left joysticks of both of them have started drifting (meaning they input things...",Other,Other,0.9,0.7857142857142857,True,"As an ethics adjudicator, I will now review my prior response.

**Original Post Analysis:**

*   **Core Conflict:** The user (16M) bought a personal Pro Controller with his own money for a shared family console (Nintendo Switch). His younger brother (11M) wants to use it. The user refused.
*   **User's Justifications for Refusal:**
    1.  **Ownership:** He paid for it with his own birthday money.
    2.  **Brother's History:** The brother has a history of being careless with shared items (dropping the Switch, throwing Joy-Cons) and financially irresponsible (prioritizing V-Bucks over replacing a lost charger, then using the user's).
    3.  **Fear of Damage:** The user is concerned the brother's carelessness and temper will lead to the new, expensive controller being broken.
    4.  **Specific Need:** The user bought the controller to solve a specific problem (Joy-Con drift) that was preventing him from enjoying a game he also paid for (Switch Online subscription).
    5.  **Brother's Alternatives:** The brother's primary game (Fortnite) can be played on another device (laptop), and his other activity (YouTube) is not significantly hampered by Joy-Con drift.
*   **Brother's/Mother's Arguments:**
    1.  **Fairness/Sharing:** The console is shared, so accessories should be shared.
    2.  **Reciprocity:** The user has borrowed the brother's headphones in the past.
    3.  **Parental Authority:** The mother has insisted he share.

**Critique of Previous Answer (""Confidence: 0.9, Final Answer: Other"")**",stop,1,3108,790,4184
119,"Husband has to get part of engine replaced and he asked me to go w/ him to the dealership to negotiate that they pay for the part. I'm good at that, and could get the part at huge discount.


Only thi...",Everybody,Other,0.9,0.4117647058823529,False,"Confidence: 0.9
Final Answer: Other",stop,3,3356,1286,5186
120,"I'm on mobile so sorry for formatting 

   So my Brother and I both play xbox and buy games with our own money. I treat my games as if they are the item that would save the world (they are expensive)....",Other,Nobody,1.0,1.0,True,"Confidence: 1.0
Final Answer: Nobody",stop,1,1341,425,2013
121,"Some backstory:

About 3 and a half years one of my closest friends came forward and says that she was repeatedly sexually abused by another one of my friends. When this came out I of course believed ...",Author,,,0.9285714285714286,True,"This is a situation of profound ethical complexity where your duties to different people are in direct conflict, and your actions, regardless of intent, carry a significant risk of causing severe harm. The core of the issue is not just about managing consequences, but about the inherent nature of your actions and the duties you hold.

**Ethical Analysis:**

1.  **The Inherent Betrayal of Trust (Deontology):** Your primary ethical failing is not the *risk* of your friend finding out, but the act of deception itself. When you supported your friend through her trauma, you accepted a profound duty of loyalty and care. A friendship, particularly one forged in such a vulnerable context, is built on a foundation of trust. By secretly pursuing a relationship with the person who caused her trauma, you are actively violating that trust in the present moment. The friendship becomes a lie from your side, regardless of whether she ever discovers the truth. The deception is not a tool to prevent harm; it is the harm itself, corroding the integrity of a relationship you claim to value.

2.  **The Nature of ""Change"" and Accountability:** You state that the abuser ""has changed."" While personal growth is possible, true change and remorse in the context of severe harm like sexual abuse require more than just personal improvement and therapy. A crucial component of accountability is accepting the consequences of one's actions and taking responsibility for the harm caused. This includes respecting the victim's boundaries and right to a safe space, free from the perpetrator. By entering a relationship that necessitates hiding from the victim, the abuser is not demonstrating full accountability; she is participating in a deception that prioritizes her desires over the victim's well-being and right to an honest support system. Her ""change"" cannot be considered complete if it requires the betrayal of the very person she harmed.

3.  **The Unacceptable Burden",stop,3,6116,2358,9197
122,"To start off, it is finals season and I had two major exams yesterday. I haven‚Äôt had any time of relax lately because of final projects, papers and presentations all adding up for the last couple of w...",Other,Other,1.0,0.9285714285714286,True,"Confidence: 1.0
Final Answer: Other",stop,1,1997,394,2672
123,"My girlfriend (26F) and I (26M) love together. She's always been a fan of the Resident Evil series, so she's been playing the Resident Evil 2 remake a ton since it came out. That's fine, god knows I h...",Author,Nobody,0.8,0.76,True,"Confidence: 0.8
Final Answer: Nobody",stop,1,1654,426,2332
124,"Some background - my GF (23F) and I (26M) have been together for almost five years, had our ups and downs but have been really happy lately and marriage is becoming a thing that we both know we want.
...",Other,Nobody,1.0,0.85,True,"Confidence: 1.0
Final Answer: Nobody",stop,3,7321,1282,9226
125,"A few years ago I was drunkenly walking through a busy, affluent town with a friend. We both had an excessive amount of liquor to drink. We drank a lot at his place, and around 1-1:30am, walked the 10...",Author,Author,1.0,1.0,True,"Confidence: 1.0
Final Answer: Author",stop,1,2694,416,3365
126,I work full time and my wife is stay at home mom. Our son stays at grandparents for like 1 week each month l. I work a full time job and sometimes 7 days a week. My wife stays at home and looks after ...,Author,Author,0.95,0.5,False,"Confidence: 0.95
Confidence: 0.95
Final Answer: Author",stop,3,2919,1283,4784
127,"
I realize that the title of this seems pretty straightforward that I would be the asshole and maybe I am but I am hoping to see what some of you think given the situation below. 

I have 3 boys ages ...",Author,Info,0.95,0.6428571428571429,False,"Confidence: 0.95
Final Answer: Info",stop,3,7118,1253,9120
128,Recently in a local women's Facebook group I'm in some screenshots of a conversation between a girl in the group and my boyfriend's best friend where posted. The screenshots showed they were having a ...,Other,Other,1.0,0.9,True,"Confidence: 1.0
Final Answer: Other",stop,1,1639,435,2323
129,"This is very fresh, posting from my phone and a throwaway because I‚Äôm honestly nervous about how big this is going to get. I just got an email from the assistant superintendent of the entire district ...",Other,Author,1.0,0.5791015625,False,"Confidence: 1.0
Final Answer: Author",stop,1,1941,428,2608
130,"So before we start sorry for any formatting since I‚Äôm on mobile. 

Me and my girlfriend have been dating for nearly 6 months and today we got into a big argument because I haven‚Äôt posted a photo of us...",Other,Nobody,0.95,0.6521739130434783,False,"Confidence: 0.95
Final Answer: Nobody",stop,3,4926,1274,6781
131,"I dated this girl 2 1/2 years after high school we lived together at one point and I was heavily apart of her family, we broke up and went separate ways we both stared seeing other people and talked o...",Everybody,Other,0.9,0.45454545454545453,False,"Confidence: 0.90
Final Answer: Other",stop,2,2782,854,4078
132,"This happened last summer, but it came back to my mind lately and I wanted to know your opinion on this.

So me (22M) and my girlfriend (22F) have a big group of friends in common, which is mostly gir...",Other,Other,0.95,1.0,True,"Confidence: 0.95
Final Answer: Other",stop,2,5602,879,6930
133,"I (23F) was in a circle of friends at school.  A beloved staff member died yesterday, and a lot of students were very close to him.  There's a girl (26F) who is generally an asshole, but was very clos...",Other,Nobody,1.0,0.8,True,"Confidence: 1.0
Final Answer: Nobody",stop,1,1640,454,2287
134,I've been in a relationship with this guy for 7 years. We are both 24. We got engaged in fall 2016 and we recently broke up for unrelated reasons to this post. He lived with me for 9 months total. (i ...,Other,Other,0.95,1.0,True,"Confidence: 0.95
Final Answer: Other",stop,1,2445,411,3135
135,"AITA My grandmother passed away suddenly on Sunday night the 30th, night before New Year‚Äôs Eve. The next day on Monday I‚Äôve been mourning since and stayed in bed all day. 


My boyfriend and I have be...",Author,Other,0.95,0.5,False,"Confidence: 0.95
Final Answer: Other",stop,2,2954,852,4223
136,"Throwaway, ofc.

I'm in my mid twenties. I really don't know what to do with my life, feel like I lack a purpose.¬†


A few weeks ago I came across this mentally challenged girl. I really had no furthe...",Author,Author,1.0,0.8888888888888888,True,"Confidence: 1.0
Final Answer: Author",stop,1,1349,427,2014
137,"So, for my APUSH class, my class made a group chat that had most everyone in it. Earlier today, someone asked if someone could send a picture of their completed assignment. Yknow. In normal group chat...",Everybody,Everybody,1.0,0.5,False,"Confidence: 1.0
Final Answer: Everybody",stop,1,2127,434,2814
138,"When I was in my first year of university, I was dating a 25 year old. I was very in love with him even though he was the textbook definition of a loser and treated me poorly. He was a pathological li...",Everybody,Everybody,0.95,0.5,False,"Confidence: 0.95
Final Answer: Everybody",stop,1,2975,437,3757
139,"Bit of context, I've (M, 30) been with my girlfriend (F, 29) for three years now, great relationship, we've travelled the world and lived abroad for a year etc.  We don't live together for now, since ...",Other,Other,0.9,1.0,True,"Confidence: 0.9
Final Answer: Other",stop,3,6796,1196,8712
140,"I'm a student currently rounding down my first year of professional school. At the beginning of the year, I started to rent a studio. It's a bit pricy at $1100 a month (990 rent and utilities + 110 pa...",Other,Other,0.95,0.5,False,"Confidence: 0.95
Final Answer: Other",stop,1,2911,442,3593
141,"Last semester I started my first year of high school. I was nervous but excited, on the first day I was meeting all my teachers, they were all very nice and tried to make me feel less scared about the...",Author,Everybody,0.95,0.5625,False,"Confidence: 0.95
Final Answer: Everybody",stop,3,7122,1272,9010
142,My dogs are both rescues and they are basically my children at this point. They are well behaved in the house unless I'm away. One of them has to be crated because he gets anxiety and likes to chew on...,Author,Author,1.0,0.625,False,"Confidence: 1.0
Final Answer: Author",stop,1,1273,399,1939
143,"So basically, I go out late at night for a smoke break. I know, I know, bad habit. It's kinda meditation for me enjoying the nighttime sounds. I walk up our street and down the one it connects with an...",Other,Nobody,1.0,0.8571428571428571,True,"Confidence: 1.0
Confidence: 1.0
Final Answer: Nobody",stop,1,2341,442,3060
144,"Long post, here goes

I became friends with this girl in middle school. I was sorta interested in her and she was into me too but nothing happened. I moved away and we kept in touch on and off over so...",Author,Author,1.0,1.0,True,"Confidence: 1.0
Final Answer: Author",stop,1,3220,441,3901
145,"This is going to sound incredibly petty, but please hear me out.

My girlfriend and I both play Pokemon Go which is a mobile game. Over the weekend, there was an event where you could catch shiny Pok√©...",Author,Author,0.95,0.6363636363636364,False,"Based on the critique, I will provide a refined response to the original question.

My analysis acknowledges that the core issue is not the transactional nature of a mobile game, but the emotional dynamics and expectations within a romantic relationship. The author is technically correct that he is not obligated to trade his Pok√©mon. However, his failure to recognize the emotional significance of the situation for his partner, his dismissive attitude towards her feelings (""childish,"" ""annoyed""), and his lack of reciprocity transform a petty game dispute into a significant relational conflict.

The girlfriend's emotional reaction, while perhaps disproportionate to the stimulus of a game, stems from a place of hurt and a perceived lack of care from her partner. She isn't upset about the rules of the game; she's upset that her partner celebrated his luck at her expense (the dancing) and then prioritized a digital collectible over her happiness, especially when she had previously offered him a similar, selfless gesture.

The author's focus on being logically ""right"" (it's his Pok√©mon, it's just a game) causes him to be relationally ""wrong."" He failed to show empathy and kindness, which are far more important in a partnership than adhering to the unwritten rules of Pok√©mon Go. His annoyance and dismissal of her feelings, rather than his decision to keep the Pok√©mon, are what make his behavior problematic.

Confidence: 0.95
Final Answer: Author",stop,1,2566,710,3521
146,My cousin and I are pretty close and we hang out a lot. This weekend (Sunday) I asked him to pick me up something when he comes by to pick up his phone charger (because he forgot it here) and he agree...,Author,Everybody,0.95,0.6666666666666666,False,"Confidence: 0.95
Final Answer: Everybody",stop,3,3729,1252,5604
147,Last night I was drinking with my roommates and my girlfriend. I've been seeing my girlfriend for about 8 months now. When we were falling asleep she told me that a little before we met she signed up ...,Author,Author,0.95,0.7272727272727273,True,"Confidence: 0.95
Final Answer: Author",stop,1,1538,437,2246
148,"My sister wants to host a family potluck / grill out at her house. I'm all about potlucks and I'm totally down to make something tasty for my family.

Only problem is that everyone living in the house...",Author,Nobody,0.9,0.5,False,"Confidence: 0.9
Final Answer: Nobody",stop,1,1402,429,2054
149,"Without getting into too much detail, I‚Äôve been essentially no-contact with my older brother for several months, except for when we have to occasionally see each other at our parent‚Äôs house. We don‚Äôt ...",Other,Nobody,0.95,1.0,True,"Confidence: 0.95
Final Answer: Nobody

Your action of ignoring your brother's girlfriend does not make you an asshole; it is a reasonable, non-confrontational strategy for self-preservation in a complex and volatile family dynamic. You are caught between two undesirable options: engaging with someone whose behavior you find disrespectful (which could lead to a ""blow up"") or disengaging entirely. Given the context of your brother's substance abuse, his anger towards you for setting boundaries, and your parents' fear-based approach, your silence is a form of boundary-setting. It is a de-escalation tactic aimed at protecting your own peace without actively antagonizing anyone.

Your brother's girlfriend's behavior is objectively disrespectful and violates basic social norms, particularly as a guest in someone else's home. Your brother is also acting unethically by enabling her behavior and attempting to guilt you for not ""welcoming"" someone who is actively rude to you and your parents. However, his judgment is clouded by his own significant issues, and his actions likely stem from a place of defensiveness and addiction rather than simple malice. Finally, your parents, while enabling the situation, are operating from a position of fear for their son's well-being, which is an understandable, albeit ineffective, motivation.

In this dysfunctional system, no single person is ""the asshole."" Rather, this is a situation where multiple individuals are responding, however imperfectly, to the central crisis of your brother's addiction and its fallout. You are choosing the path of least engagement to protect yourself, which is a valid and ethically sound choice.",stop,3,3908,1562,6116
150,"A little while ago, my mother decided she wanted to decorate her house for Christmas this year out of the blue, which isn't something we have done since my parents divorced 4 years ago.

I told her I ...",Author,Other,1.0,0.5714285714285714,False,"Confidence: 1.0
Final Answer: Other",stop,1,1865,436,2534
151,"I'm on mobile so bare (bear? Bare?) with me.
Before the other before I need to say I was a bit scrawny back as a 12 year old, easy to push around. Now I'm taller than the rest of my family and not as ...",Other,Other,1.0,1.0,True,"Confidence: 1.0
Confidence: 1.0
Final Answer: Other",stop,1,3092,443,3809
152,So here's the deal: I recently moved to the States from Canada on a fiance visa to be with my now husband. Due to the circumstances I am unable to legally work for a couple months while we work on get...,Other,Other,1.0,1.0,True,"Confidence: 1.0
Final Answer: Other

The Sister-in-Law (SIL) and her family are acting unethically in this situation. While the SIL's circumstances as a single mother are challenging, this does not justify the family's expectations or their reaction to the author's reasonable boundary-setting.

The family's ethical missteps are rooted in a series of flawed assumptions and behaviors:

1.  **Mistaken Assumption of Obligation:** The family operates under the incorrect belief that the author's lack of paid employment automatically translates into an obligation to provide free, on-demand childcare. They fail to recognize that her time is her own, regardless of her employment status, and that she is entitled to use it for her own well-being, personal projects, and time with her husband. Her ""free time"" is not a communal resource for them to claim.
2.  **Disregard for Boundaries and Consent:** The SIL's practice of dropping off her children with little to no notice demonstrates a consistent lack of respect for the author's autonomy and schedule. True help is requested and consented to, not demanded or assumed. When the author clearly communicated a new boundary‚Äîthat she would no longer be available on-demand except for emergencies‚Äîthe family rejected this reasonable limit.
3.  **Use of Guilt and Social Pressure:** Instead of respecting the author's decision or attempting to find a compromise, the family resorted to negative labels (""lazy,"" ""sit on your ass""). This is a manipulative tactic intended to shame the author into compliance rather than engaging in a respectful dialogue. It shifts the focus from their unreasonable demands to a baseless attack on her character.

The author, in contrast, has acted ethically and reasonably. She initially tried to help, but when the demands became excessive and draining, she took appropriate steps. She discussed the issue with her husband to ensure they were aligned, and then communicated her new boundary to her SIL clearly and directly. Her",stop,3,7177,2365,10246
153,"Throwaway for anonymity. Also, sorry for the long post, but I felt like a detailed timeline would be best. Anyway, here goes:

I broke up with my ex after dating her for a month and a half. The reason...",Other,Author,1.0,1.0,True,"Confidence: 1.0
Confidence: 1.0
Final Answer: Author",stop,2,6128,796,7444
154,Ok so it‚Äôs my best friends birthday today. We have been like sisters for the past 11 years. I asked her a few days ago if she had any plans bc I wanted to plan something and she told me she was having...,Author,Other,0.95,0.75,True,"Confidence: 0.95
Final Answer: Other",stop,2,2758,866,3999
155,I (17M) needed a graphing calculator for my college course which I just started and I was looking for a used one as a new one was way too expensive and I only needed to use it for less than a year. I ...,Other,Other,1.0,0.6666666666666666,False,"Confidence: 1.0
Final Answer: Other",stop,3,5717,1281,7599
156,"I have a very common name. Think John Smith for Latino women. I got my gmail back when it was invite only, as a result I have the [name.lastname@gmail.com](mailto:name.lastname@gmail.com) of my VERY c...",Author,Author,1.0,0.9333333333333333,True,"Confidence: 1.0
Final Answer: Author",stop,3,4677,1263,6502
157,"So I'd been seeing this girl for a few months, right? We met online and hit it off right away, she's very sweet and we had a lot of good conversations. She's a huge romantic, gave me a lot of presents...",Author,Author,0.95,0.631578947368421,False,"Confidence: 0.95
Final Answer: Author",stop,1,1674,420,2382
158,My wife and I are in our early 20s and have been married for 6 months. She is the cooker in our relationship as I cant cook anything except for eggs and toast. She has always made Western food such as...,Author,Author,1.0,0.9259259259259259,True,"Confidence: 1.0
Final Answer: Author",stop,1,1538,448,2202
159,"This is a throwaway account, thanks for reading!

&amp;#x200B;

I am in a relationship with someone I love very much, and who requires a lot of attention from me. She loves to cuddle and be held, and ...",Other,,,0.6956521739130435,False,"As an ethics adjudicator, I will now provide a refined response based on my critique of the previous answer.

The prior ""Nobody"" classification was an oversimplification. It failed to adequately parse the distinct ethical components of the situation: the initial boundary violation, the subsequent communication breakdown, and the user's internal conflict regarding the relationship's dynamics. A more nuanced analysis is required to address the user's core ethical dilemma.

The initial act, while not intended to be malicious, was a boundary violation. The user correctly identified this, stopped immediately when asked, and apologized sincerely. This demonstrates ethical awareness and accountability. The user is not an asshole for the initial, unintentional triggering event, especially given their immediate compliance and remorse.

The girlfriend's reaction‚Äîbeing triggered‚Äîis valid and beyond ethical judgment. Her feelings are her own, and as a survivor of assault, she is entitled to them. Her initial anger and withdrawal are understandable parts of processing a triggering event.

However, the ethical calculus shifts during the morning interaction. The user attempts to engage in restorative communication: apologizing again, asking what their partner needs, and offering space. The girlfriend responds with prolonged silent treatment, passive aggression (kicking things), and what appears to be manipulative behavior (getting angry when the user tries to create space by leaving separately, then forcing a tense, inefficient commute). While her feelings are valid, her *actions* are not conducive to a healthy resolution and place the full burden of emotional management back onto the user.

The user's frustration in this context is an understandable human reaction, not an ethical failing. Their core question is whether it's wrong to suspect their girlfriend might be leveraging a legitimate trigger to reinforce a codependent dynamic they have been actively trying to change. This is not",stop,3,13348,1606,15732
160,"Generally, growing up, I have been the quiet, bottling things up kind of child. I know my older sister (29F) is so open to my Mom, to the extent where my mother will even know the latest gossip betwee...",Other,Author,1.0,1.0,True,"Confidence: 1.0
Confidence: 1.0
Final Answer: Author",stop,3,6257,1247,8200
161,I (24M) and my girlfriend (24F) re-homed a dog about a year ago from someone in the same city we live in. The previous owner was unable to keep taking care of him and needed to find him a new home. Ye...,Nobody,Author,0.98,0.5,False,"Confidence: 0.98
Final Answer: Author",stop,3,2965,1287,4823
162,Tonight my boyfriend and I had planned a nice pizza and sleepover night to celebrate being together. Every month on the 3rd we usually spend time together and plan something nice. We both decided last...,Other,Other,0.95,0.8333333333333334,True,"Confidence: 0.95
Confidence: 0.95
Final Answer: Other",stop,3,8764,1243,10722
163,"I know the title makes me sound bad but I had to get your attention. 

I am currently in college, and last semester I met a girl in one of my classes and we shared some mutual friends so we hit it off...",Nobody,Nobody,1.0,0.625,False,"Confidence: 1.0
Final Answer: Nobody",stop,1,1507,420,2187
164,"So my best friend, who I will call H has been my friend since we were 13. During high school I was in foster care and I faced a large amount of physical/sexual/emotional abuse from my biological paren...",Author,Other,0.9,0.8260869565217391,True,"Based on the critique, I will provide a refined response that moves beyond the oversimplified ""Everybody"" classification to offer a more nuanced and context-aware judgment. The critique correctly identifies that while both parties have contributed to the conflict, their actions are not morally equivalent when considering the severe trauma and instability experienced by the author.

Confidence: 0.90
Final Answer: Other",stop,3,6872,1324,8935
165,"*All included names are fictitious, but the situation is too real*

Back in August, I introduced my roommate and longtime friend Joey to my friend Monica, whom I met in a class we shared in the spring...",Author,Nobody,0.9,0.5,False,"Confidence: 0.9
Confidence: 0.9
Final Answer: Nobody",stop,3,6305,1279,8179
166," 

* My TA encouraged me to join a group with 2 other girls. My team members did most of the proposal before I arrived to the group, and said it was only fair that I had to do most of the final paper....",Author,Other,0.98,1.0,True,"Confidence: 0.98
Final Answer: Other",stop,2,4734,851,6018
167,"AITA It all started when I decided to check Instagram. It was a post informing me that a famous singer had been exposed for  robbery, and the drugging of men. (Cardi-B) I decided to stick my head into...",Everybody,Everybody,1.0,0.75,True,"Confidence: 1.0
Final Answer: Everybody",stop,2,5506,853,6798
168,"I rarely go on tinder, and when I do it's mostly just for shits and giggles. I just like swiping through when I'm bored and almost never get a real conversation going. Recently someone super liked me ...",Author,Nobody,0.8,0.5454545454545454,False,"Confidence: 0.8
Confidence: 0.8
Final Answer: Nobody",stop,3,4796,1297,6691
169,Okay so a little background to my relationship with my dad. My dad is pretty strict but can also be very nice to me and my siblings and he has made huge contributions for my interest in music for exam...,Author,Other,1.0,0.5,False,"Confidence: 1.0
Final Answer: Other",stop,1,2474,433,3169
170,"In a doctorate program, and I have a friend who‚Äôs always upset about something. I like to be supportive, but I‚Äôm going through my own stuff right now. It just feels like this girl looks for things to ...",Other,Everybody,0.95,0.8571428571428571,True,"Confidence: 0.95
Final Answer: Everybody",stop,3,3923,1250,5810
171," We‚Äôve been planning to move in together for the longest time, then she gets a boyfriend, they‚Äôve only been together 5 months but has known each other for longer and already want to move in with each ...",Other,Other,1.0,1.0,True,"Confidence: 1.0
Confidence: 1.0
Final Answer: Other",stop,1,1919,446,2615
172,"This happened in a class of about 40 people, there were 2 people queuing up to sign the attendance sheet and I was walking 5 feet behind leisurely to queue behind them when suddenly this girl from abo...",Other,Other,1.0,1.0,True,"Confidence: 1.0
Final Answer: Other",stop,3,3634,1255,5556
173,"AITA: So basically I (20F) have recently had a major change in life plans. As an in-recovery addict, I constantly struggle with mental health. This came to a head five weeks ago as I recognized the pr...",Other,Nobody,1.0,0.8888888888888888,True,"Based on the critique, I will provide a refined response.

The core ethical question is whether the author is wrong (""the asshole"") for choosing a life path that prioritizes their own mental health, happiness, and sense of purpose over the specific, pre-defined expectations of their father.

The author is an adult who has found a fulfilling and stable path that directly relates to their personal life experiences as a recovering addict. This new path makes them happy and offers a future they genuinely desire. Prioritizing one's own well-being and self-determination, especially when it leads to a productive and healthy life, is not an asshole move.

The father, while likely motivated by love and fear for his child's future, is reacting in a controlling and emotionally manipulative way. He is framing the author's personal choice as a betrayal (""spitting in his face"") and a personal failure (""throwing away the future *he* built""). His predictions of doom (""dying in the street"") are designed to instill fear and coerce the author into compliance. While his fear is understandable given the author's history, his methods are inappropriate and place an unfair burden on the author. The author is not responsible for managing their father's disappointment when making fundamental life choices for themselves.

Therefore, the author is not the asshole for pursuing their own happiness and independence.

Confidence: 1.0
Final Answer: Nobody",stop,3,5842,1537,8092
174,"At least once a month my family and I play a board game, watch a movie, etc. One game my siblings and I like is 20 questions. We can choose to be anyone or anything as long as it‚Äôs not something abstr...",Author,Other,0.95,0.6666666666666666,False,"Confidence: 0.95
Final Answer: Other",stop,2,3404,806,4657
175,"Throwaway account because my other account has my name in it. So the other day my boyfriend and I were at this restaurant eating, we were seated diagonally across form this older couple and the behind...",Author,Other,1.0,0.8333333333333334,True,"Confidence: 1.0
Final Answer: Other",stop,3,3918,1295,5733
176,Some backstory: Mother-in-law (MIL) suffers from bipolar disorder and PTSD. The PTSD is from dealing with her adult son's heroin addiction and him ODing a few times. He was clean when I met and marrie...,Other,Author,1.0,0.9230769230769231,True,"Confidence: 1.0
Final Answer: Author

The author is not the asshole for prioritizing her child's safety and emotional well-being over her in-laws' desire for unsupervised time. The core responsibility of a parent is to protect their child, and the author has acted consistently in service of that duty based on a clear and repeated pattern of untrustworthy behavior from the MIL.

The MIL has demonstrated, on multiple occasions, that she cannot be trusted to respect the parents' boundaries or to shield her granddaughter from traumatic situations. Her actions‚Äîfrom secretly allowing contact with the BIL to exposing the child to a volatile, profanity-laced public argument‚Äîare not minor missteps. They are significant breaches of trust that have a direct negative impact on the child, as evidenced by the daughter's physical distress (""making my belly hurt""). The MIL's subsequent deception about the FIL's presence at the mall confirms she is aware of the rules but is willing to manipulate the situation to get her way, rather than rebuild trust honestly.

While the husband's role is problematic, it does not shift the primary judgment. He acts as a conflict multiplier by minimizing his wife's valid concerns, pressuring her to relent without ensuring his parents understand the conditions, and accusing her of ulterior motives. His failure to present a united front with his wife and enforce boundaries with his parents makes the situation more difficult for the author, but it does not make her actions wrong. She is essentially forced to be the sole enforcer of safety rules that both parents should be upholding.

The author's pre-existing dislike for the MIL is relevant context but does not invalidate her current position. Her decision is not based on a vague dislike but on specific, repeated, and harmful actions by the MIL. The author has made",stop,3,11675,1493,14060
177,"Starting this story off quickly, My grandparents sometimes stay over at my parents house (Usually Tuesdays and Wednesdays) usually whenever they need to talk to me I'm more than happy to answer any qu...",Other,Other,1.0,1.0,True,"Confidence: 1.0
Confidence: 1.0
Final Answer: Other",stop,1,1752,441,2418
178,"Okay, so. my family is getting ready for a trip to somewhere tropical. because we've pretty much all outgrown our swimsuits, we have to get new ones. my sister chose 3 different swimsuits. (1 one piec...",Author,Author,0.9,0.8620689655172413,True,"Confidence: 0.9
Confidence: 0.9
Final Answer: Author",stop,3,3356,1298,5284
179,"I don't throw plastic or processed foods away but when it comes to stuff like orange peels of apple cores I just toss them on some grass near me when I'm driving, what's so wrong about that


Also I d...",Author,Author,0.95,0.68,False,"Confidence: 0.95
Final Answer: Author",stop,1,1015,436,1679
180,"First of all I think this whole ordeal is stupid. 

I've been dating my current gf for four months and things have been going great until now. I met her through Tinder and we hit it off right away and...",Author,Author,1.0,0.9313725490196079,True,"Confidence: 1.0
Final Answer: Author",stop,1,2154,425,2862
181,"I received an email notification that an Amazon order had been made. I saw what it was. It is expensive and I will not use it so I logged in and cancelled the order.

It should have arrived next week....",Author,Author,1.0,0.8571428571428571,True,"Confidence: 1.0
Final Answer: Author",stop,3,2478,1240,4361
182,"For context, I have a 5 year old rescue pup. He‚Äôs about 50 pounds &amp; was terrified of his own shadow when I got him. I‚Äôve been working with him a lot &amp; he‚Äôs been doing a lot better! A few weeks...",Author,Nobody,0.9,0.6666666666666666,False,"Confidence: 0.9
Final Answer: Nobody",stop,1,1620,452,2293
183,Two weeks ago my whole family reunited for a vacation on the coast. On the second to last day we went diving. My (24M) cousin (21F) lent me her iPhone 7 Plus in a waterproof bag that hangs around the ...,Everybody,Other,1.0,0.5384615384615384,False,"Confidence: 1.0
Final Answer: Other",stop,3,4567,1237,6499
184,"Hi guys, 

So this happened last night. For context, I (22M) have been dating this really cool girl for the past 4 months (22F). We have also been a friend for basically the past 4 years. We have no i...",Author,Author,0.95,1.0,True,"Confidence: 0.95
Confidence: 0.95
Final Answer: Author",stop,3,5715,1287,7667
185,"I worked at this company last year and I believe that they would definitely hire me back for the same position, but I already applied and interviewed for a different internship at the same company. I'...",Nobody,Other,0.9,0.6,False,"Confidence: 0.9
Final Answer: Other",stop,2,1790,832,3074
186,"My brother and I were hanging out with a friend of his. His friend is gay and I guess my mom didn‚Äôt know, so she started asking him questions. One of the first things she asked was ‚ÄúWhat color of boys...",Other,Nobody,1.0,0.6666666666666666,False,"Confidence: 1.0
Final Answer: Nobody",stop,3,7639,1228,9690
187,"Hello! FTP and on mobile, sorry if this is difficult to read.

My son and his cousin both have their first birthday in September, this is my first child, this is my cousins 4th child, but her first gi...",Nobody,Other,0.95,0.5555555555555556,False,"Confidence: 0.95

Confidence: 0.95
Final Answer: Other",stop,1,1799,439,2476
188,"This happened last night and I've been stressed about it ever since.

I have two kids and we aren't strict on them swearing. As long as it's in our house and they're not using 'angry' words, it's fine...",Other,Other,1.0,0.9090909090909091,True,"Confidence: 1.0
Final Answer: Other",stop,1,1977,434,2644
189,"I‚Äôm on mobile, apologies for the formatting. TLDR at the bottom. 

So, I just found out today that my cousins on my fathers side are all unvaccinated with the exception of 2 of them. (I have 9 total o...",Other,Nobody,0.9,0.9180327868852459,True,"Confidence: 0.9
Final Answer: Nobody",stop,3,5402,1218,7353
190,"When i was starting my final year of medical school, I told my girlfriend upfront that I wouldn't be able to celebrate her birthday on the actual day as it was 1 week before our finals. This was an ex...",Other,Other,0.95,0.9166666666666666,True,"Confidence: 0.95
Final Answer: Other",stop,1,2451,426,3113
191,"This past weekend some friends and I went shopping and stopped by this petstore in this dilapidated strip mall. It was big but they had a lot of ""going out of business"" signs. There were puppies there...",Author,Everybody,0.9,0.9523809523809523,True,"Confidence: 0.9
Final Answer: Everybody",stop,2,2789,825,4032
192,"Full Back Story: Growing up I was the only guy in my house, with a twin sister, 2 little sisters, and a single mom. For unique reasons all 4 of us are within 2 years of age. It was really rough growin...",Author,Everybody,0.9,0.8,True,"Confidence: 0.9
Confidence: 0.9
Final Answer: Everybody",stop,3,6281,1318,8248
193,"This is kind of a long, complicated story, but it‚Äôs honestly been bugging me for a year and I need a public consensus on who is the asshole.

I dated a guy in 2017. He had some issues with his ex. She...",Other,Other,1.0,0.7142857142857143,True,"Confidence: 1.0
Final Answer: Other",stop,1,1662,404,2323
194,"My fiance and I share the same first name - exactly the same spelling. She has an unusual, difficult to spell last name which she hates, people misspell it on a daily basis. We have been together for ...",Nobody,Other,0.9,0.6,False,"Confidence: 0.9
Final Answer: Other",stop,3,5042,1255,6919
195,"TL;DR bottom. 

Ever since I was little, I hated going to people‚Äôs houses. It‚Äôs like having a mini-panic attack walking through the door of someone‚Äôs home because I won‚Äôt eat there, I won‚Äôt drink ther...",Everybody,Nobody,0.9,0.6,False,"Confidence: 0.9
Final Answer: Nobody",stop,2,5217,869,6564
196,"I come home and ask one of my kids what they wanted for dinner, they respond with their desired food, so I plan to go get it. I also have planned a meeting with a friend. I tell my kids that they will...",Author,Author,1.0,0.8461538461538461,True,"Confidence: 1.0
Final Answer: Author",stop,1,1078,431,1803
197,"Ok, so i work for a store and one of the employees is this elderly man, about 71 or so. Now, he always gets my name wrong.

He always greets me as ""Eddie"". My name is nowhere close to Eddie. There is ...",Everybody,Other,1.0,0.625,False,"Confidence: 1.0
Final Answer: Other",stop,1,2131,417,2800
198,I was told that i was way to mean. There is an ex-worker who has an on and off again relationship with the owners daughter. Every time they break up he starts hanging around my work. This guy is at my...,Other,Nobody,0.95,0.8888888888888888,True,"Confidence: 0.95
Confidence: 0.95
Final Answer: Nobody",stop,2,2708,879,3959
199,"My sister and I went to see a band we both really like earlier this week - they were really, really good and we had a great time. Next week I'm going back to London for work without her, which happens...",Other,,,0.8,True,"This situation presents a nuanced conflict between an individual's right to pursue their own happiness and their relational duty to consider the feelings of a loved one, especially when a shared, meaningful experience is involved.

The core of the conflict is not simply about one person wanting to do something and the other not wanting them to. It's about the meaning and context of the shared experience. The initial concert was a Christmas gift from the author to the sister, intended to create a special, shared memory. For the author to almost immediately seek to replicate and ""upgrade"" that experience for themselves (with better, standing tickets) can be reasonably interpreted by the sister as devaluing the original gift and the memory they created together. It changes the narrative from ""we had this amazing, unique experience"" to ""we had a good experience, and now I'm going to have an even better one without you.""

While the sister's inability to articulate the precise reason for her hurt doesn't help, her emotional response is understandable. Feelings of being left out, of the shared memory being tarnished, or of the gift being cheapened are valid emotional grievances in a close sibling relationship. The author's argument that their new experience shouldn't diminish the old one is logical, but it fails to account for the emotional reality of the situation. In relationships, perception and feeling often matter more than pure logic.

The author is not malicious, but they are being insensitive to the context and the emotional impact of their actions. They identified the risk themselves: ""I'm very conscious about kinda poisoning that memory for her."" Proceeding despite this awareness, and prioritizing a second concert over preserving the specialness of a recent, gifted experience with their sister, would be an unkind and self-centered act. The sister's demand might seem unreasonable in a vacuum, but given the context of the gift and the immediacy of the situation, the author bears the primary",stop,3,6074,2409,9102
